{
  "name": "InfluencerAI – Folder Watcher & Report",
  "nodes": [
    {
      "parameters": {
        "path": "D:/datasets/influencer_ai/avatar01/reviewed",
        "pollTimes": {
          "item": [
            {
              "hour": 0,
              "minute": 0
            }
          ]
        }
      },
      "id": "watcher",
      "name": "Watch Reviewed Folder",
      "type": "n8n-nodes-base.watchFolder",
      "typeVersion": 1,
      "position": [
        460,
        260
      ]
    },
    {
      "parameters": {
        "command": "python",
        "arguments": "validator.py --dataset-root D:/datasets/influencer_ai/avatar01 --schema-sidecar D:/kits/influencerai_dataset_kit_v1/sidecar_schema.json --schema-manifest D:/kits/influencerai_dataset_kit_v1/manifest_schema.json --manifest D:/datasets/influencer_ai/avatar01/dataset_manifest.json --report-dir D:/datasets/influencer_ai/avatar01/reports --face-sim-mode phash --phash-th 10 --ssim-th 0.985"
      },
      "id": "run_validator",
      "name": "Run Validator",
      "type": "n8n-nodes-base.executeCommand",
      "typeVersion": 1,
      "position": [
        700,
        260
      ]
    },
    {
      "parameters": {
        "resource": "file",
        "operation": "read",
        "filePath": "D:/datasets/influencer_ai/avatar01/reports/validation_report.md"
      },
      "id": "read_report",
      "name": "Read Report (MD)",
      "type": "n8n-nodes-base.file",
      "typeVersion": 1,
      "position": [
        920,
        260
      ]
    },
    {
      "parameters": {
        "resource": "message",
        "operation": "send",
        "recipient": "me",
        "subject": "InfluencerAI QC Report",
        "text": "{{$json[\"data\"]}}"
      },
      "id": "notify",
      "name": "Notify (Email/Telegram) – Replace Node",
      "type": "n8n-nodes-base.placeholder",
      "typeVersion": 1,
      "position": [
        1140,
        260
      ]
    }
  ],
  "connections": {
    "Watch Reviewed Folder": {
      "main": [
        [
          {
            "node": "Run Validator",
            "type": "main",
            "index": 0
          }
        ]
      ]
    },
    "Run Validator": {
      "main": [
        [
          {
            "node": "Read Report (MD)",
            "type": "main",
            "index": 0
          }
        ]
      ]
    },
    "Read Report (MD)": {
      "main": [
        [
          {
            "node": "Notify (Email/Telegram) – Replace Node",
            "type": "main",
            "index": 0
          }
        ]
      ]
    }
  }
}